<TIMEX3 tid="T1" type="DATE">２０１６年０５月２３日</TIMEX3>の<t-test tid="T2" state="executed">ＣＴ検査</t-test>の結果と比較しました。
<a tid="T3">右上葉Ｓ２ｂ／Ｓ１ａ</a>の<d tid="T4" certainty="positive">すりガラス状陰影</d>（<d tid="T5" certainty="positive">ｐｕｒｅ　ＧＧＮ</d>）は<f tid="T6">１．５×１．７Ｃｍ</f>です．
<TIMEX3 tid="T7" type="DATE">２０１２年</TIMEX3>より<c tid="T8">増大</c>。

<trel rid="R1" arg1="T2" arg2="T1" reltype="on" />
<brel rid="R2" arg1="T3" arg2="T4" reltype="region" />
<brel rid="R4" arg1="T3" arg2="T5" reltype="region" />
<brel rid="R5" arg1="T6" arg2="T4" reltype="feature" />
<brel rid="R6" arg1="T6" arg2="T5" reltype="feature" />
<brel rid="R7" arg1="T8" arg2="T7" reltype="compare" />
